
[
  {
    "name": "Sample Product 1",
    "description": "This is a great product for everyday use.",
    "image": "https://via.placeholder.com/300x200?text=Product+1",
    "category": "Electronics",
    "link": "https://www.amazon.in/dp/EXAMPLE1"
  },
  {
    "name": "Sample Product 2",
    "description": "Perfect for home and kitchen needs.",
    "image": "https://via.placeholder.com/300x200?text=Product+2",
    "category": "Home",
    "link": "https://www.amazon.in/dp/EXAMPLE2"
  },
  {
    "name": "Sample Product 3",
    "description": "Stay fit with this handy tool.",
    "image": "https://via.placeholder.com/300x200?text=Product+3",
    "category": "Fitness",
    "link": "https://www.amazon.in/dp/EXAMPLE3"
  }
]
